"id","Species"
3,"setosa"
8,"setosa"
9,"setosa"
17,"setosa"
18,"setosa"
29,"setosa"
32,"setosa"
36,"setosa"
38,"setosa"
53,"versicolor"
74,"versicolor"
77,"versicolor"
85,"versicolor"
86,"versicolor"
87,"versicolor"
89,"versicolor"
92,"versicolor"
99,"versicolor"
104,"virginica"
112,"virginica"
117,"virginica"
122,"virginica"
130,"versicolor"
132,"virginica"
140,"virginica"
142,"virginica"
144,"virginica"
